grupo,descripcion_gluten,ean_tipo,descripcion_celiaco,ean_celiaco,cantidad_mensual,nota
Pastas,Fideos de trigo (Lucchetti 500g),,Fideos Mostacholes sin TACC Blue Patna 500g,7730114100077,,Reemplazo directo
Harina,Harina de trigo 000/0000 (Caserita 1kg),,Almidon de Maiz Maizena 500g (naturalmente GF),7794000007468,,Almidon reemplaza harina en preparaciones
Galletitas saladas,Galletitas Traviata,,Galletas de Arroz sin TACC Grandiet,7797330102377,,Opcion A
Galletitas saladas,Galletitas Traviata,,Chalitas sin TACC Happy Food 100g,7798308250410,,Opcion B (mejor cobertura)
Galletitas dulces,Alfajor/oblea Bagley B&N,,Galletitas Smams Chocolate sin TACC 200g,7798181511011,,Reemplazo dulce
Cacao,Cacao Chocolino (contiene gluten),,Cacao sin TACC Nesquik 800g,8445291121904,,Etiquetado sin TACC
Caldo,Caldo de carne Knorr,,Caldo de Verdura Knorr (sin gluten),7794000008557,,Variante sin gluten
Cerveza,Cerveza Heineken (malta/cebada),,Sidra Saenz Briones 1888,7790119002370,,Sustituto alcoholico sin gluten con mejor cobertura
Avena,Avena tradicional,,ELIMINADA (avena controvertida para celiacos),,,No se reemplaza
